Username,Login email,Identifier,First name,Last name
booker12,rachel@example.com,9012,Rachel,Booker
grey07,,2070,Laura,Grey
johnson81,,4081,Craig,Johnson
jenkins46,mary@example.com,9346,Mary,Jenkins
smith79,jamie@example.com,5079,Jamie,Smith
redtree333,phil@example.com,3332,Philip,Marks
ghost032,tonya@example.com,2310,Tonya,Smith
french999,fre1@example.com,2343,Toby,French
yolandam719,ymurphy@example.com,8300,Yolanda,Murphy
sandy333,sandra@example.com,1132,Sandra,Hammond
tristan299,tristan@example.com,2143,Tristan,Markham
broom378,brooms@example.com,8002,Brooke,Carver